Handle,Title,Body (HTML),Vendor,Type,Tags,Collection,Published,Option1 Name,Option1 Value,Option2 Name,Option2 Value,Option3 Name,Option3 Value,Variant SKU,Variant Grams,Variant Inventory Tracker,Variant Inventory Qty,Variant Inventory Policy,Variant Fulfillment Service,Variant Price,Variant Compare At Price,Variant Requires Shipping,Variant Taxable,Variant Barcode,Image Src,Image Alt Text,Gift Card,SEO Title,SEO Description,Google Shopping / Google Product Category,Google Shopping / Gender,Google Shopping / Age Group,Google Shopping / MPN,Google Shopping / AdWords Grouping,Google Shopping / AdWords Labels,Google Shopping / Condition,Google Shopping / Custom Product,Google Shopping / Custom Label 0,Google Shopping / Custom Label 1,Google Shopping / Custom Label 2,Google Shopping / Custom Label 3,Google Shopping / Custom Label 4,Variant Image,Variant Weight Unit
adopted-pet-id-tag-custom-hand-stamped,Adopted Pet ID tag - Custom & Hand Stamped,"<span>1/2"" adopted aluminum round</span><br><br><span>It can be worn by itself or added to your pet's current tags. </span><br><br><span>If there is something that you would like that you don't see, please feel free to message me. I would be happy to work with you to create a custom piece.</span><br><br><span>* A percentage of each order goes to animal rescue organizations *</span><br><br><span>Gift wrapping for this item is available here:</span><br><a href=""http://www.etsy.com/listing/153027723/gift-wrapping-add-on?ref=shop_home_active"" target=""_blank"">http://www.etsy.com/listing/153027723/gift-wrapping-add-on?ref=shop_home_active</a>",The Loving Paw,ID Tag,ID Tag,ID Tag,TRUE,Add-on a Charm (+ $3.00),No Charm,Add Swarovski Crystal Birthstone Charm (+ $3.00),No Birthstone,,,ADOPTED-TAG-1000,14,shopify,10,deny,manual,4,,TRUE,TRUE,,https://cdn.shopify.com/s/files/1/0760/5531/files/ADOPTED-TAG-1000_IMG1_a55e3bbe-0623-4fcc-b094-160cd662178d.jpg?16078887528086111488,,FALSE,,,,,,,,,,,,,,,,,oz
adopted-pet-id-tag-custom-hand-stamped,,,,,,,,,No Charm,,Add Birthstone,,,ADOPTED-TAG-1001,14,shopify,10,deny,manual,7,,TRUE,TRUE,,https://cdn.shopify.com/s/files/1/0760/5531/files/ADOPTED-TAG-1000_IMG2_7e1efd91-aca8-40bd-a35b-26d1f5edcb75.jpg?16078887528086111488,,,,,,,,,,,,,,,,,,,oz
adopted-pet-id-tag-custom-hand-stamped,,,,,,,,,Add Charm,,No Birthstone,,,ADOPTED-TAG-1002,14,shopify,10,deny,manual,7,,TRUE,TRUE,,https://cdn.shopify.com/s/files/1/0760/5531/files/ADOPTED-TAG-1000_IMG3_3b64ca27-981c-4d63-be92-d1677b3652bb.jpg?16078887528086111488,,,,,,,,,,,,,,,,,,,oz
adopted-pet-id-tag-custom-hand-stamped,,,,,,,,,Add Charm,,Add Birthstone,,,ADOPTED-TAG-1003,14,shopify,10,deny,manual,10,,TRUE,TRUE,,https://cdn.shopify.com/s/files/1/0760/5531/files/ADOPTED-TAG-1000_IMG4_eaf33a1f-2aac-4ee6-90d4-208a0526c8c0.jpg?16078887528086111488,,,,,,,,,,,,,,,,,,,oz
adopted-pet-id-tag-custom-hand-stamped,,,,,,,,,,,,,,,,,,,,,,,,,https://cdn.shopify.com/s/files/1/0760/5531/files/ADOPTED-TAG-1000_IMG5_0302c1fc-0038-4466-aada-0a92a1bf4654.jpg?16078887528086111488,,,,,,,,,,,,,,,,,,,
organic-cotton-toddler-crew-i-love-my-dog-ocean-blue,Organic Cotton Toddler Crew - I Love My Dog - Ocean Blue,<span>This listing is for one ocean blue 'I Love My Dog' 6 mo. toddler crew by The Loving Paw. </span><br><br><span>Our 100% Organic Cotton is perfect for little ones-so soft you'd swear it was a second skin. This miniature crew is lightweight and breathable so little ones can stay comfortable all day long. Part of the eco-friendly Alternative Earth Collection.</span><br><br><span>A portion of proceeds goes to animal rescue organizations around the country. :)</span>,The Loving Paw,T-Shirts,T-Shirt,T-Shirt,TRUE,Title,Default Title,,,,,OBTC-TS-1000,136,shopify,1,deny,manual,18,,TRUE,TRUE,,https://cdn.shopify.com/s/files/1/0760/5531/files/OBTC-TS-1000_img1_09b5418d-d9e9-4c31-9444-7ee0f6250cd2.jpg?16078887528086111488,,FALSE,,,,,,,,,,,,,,,,,lb
organic-cotton-toddler-crew-i-love-my-dog-ocean-blue,,,,,,,,,,,,,,,,,,,,,,,,,https://cdn.shopify.com/s/files/1/0760/5531/files/OBTC-TS-1000_img2_a2e6c845-4872-4f23-92a8-b13f980d848d.jpg?16078887528086111488,,,,,,,,,,,,,,,,,,,
organic-cotton-toddler-crew-i-love-my-dog-olive-green,Organic Cotton Toddler Crew - I Love My Dog - Olive Green,<span>This listing is for one ocean blue 'I Love My Dog' 6 mo. toddler crew by The Loving Paw. </span><br><br><span>Our 100% Organic Cotton is perfect for little ones-so soft you'd swear it was a second skin. This miniature crew is lightweight and breathable so little ones can stay comfortable all day long. Part of the eco-friendly Alternative Earth Collection.</span><br><br><span>A portion of proceeds goes to animal rescue organizations around the country. :)</span>,The Loving Paw,T-Shirts,T-Shirt,T-Shirt,TRUE,Title,Default Title,,,,,OGTC-TS-1000,136,shopify,2,deny,manual,18,,TRUE,TRUE,,https://cdn.shopify.com/s/files/1/0760/5531/files/OGTC-TS-1000_img1_c44cb273-dad4-41dd-97e4-cd315cd84d5a.jpg?16078887528086111488,,FALSE,,,,,,,,,,,,,,,,,lb
organic-cotton-toddler-crew-i-love-my-dog-olive-green,,,,,,,,,,,,,,,,,,,,,,,,,https://cdn.shopify.com/s/files/1/0760/5531/files/OGTC-TS-1000_img2_7decb0bd-75ba-4efb-af6e-df4b62d0290e.jpg?16078887528086111488,,,,,,,,,,,,,,,,,,,
ivory-adopt-womens-crew-t-shirt,Ivory 'Adopt' Women's Crew T-shirt,"<span>This listing is for one women's 'Adopt' crew. It has a contemporary fit and is vintage-soft, made with 100% combed and ring-spun cotton. It has a subtle white dog on the ivory shirt.</span><br><br><span>This is a great way to promote animal rescue! A portion of the proceeds help fund animal rescue organizations around the country.</span>",The Loving Paw,T-Shirts,T-Shirt,T-Shirt,TRUE,Size,Small,,,,,IVORYADOPT-TS-1000,227,shopify,27,deny,manual,22,,TRUE,TRUE,,https://cdn.shopify.com/s/files/1/0760/5531/files/IVORYADOPT-TS-1000_IMG1_327e09af-430c-4254-a1af-6d5b26457298.jpg?16078887528086111488,,FALSE,,,,,,,,,,,,,,,,,lb
ivory-adopt-womens-crew-t-shirt,,,,,,,,,Medium,,,,,IVORYADOPT-TS-1001,227,shopify,27,deny,manual,22,,TRUE,TRUE,,https://cdn.shopify.com/s/files/1/0760/5531/files/IVORYADOPT-TS-1000_IMG2_4b06e5ab-5421-4671-a4d9-12c7f37c72d5.jpg?16078887528086111488,,,,,,,,,,,,,,,,,,,lb
ivory-adopt-womens-crew-t-shirt,,,,,,,,,Large,,,,,IVORYADOPT-TS-1002,227,shopify,27,deny,manual,22,,TRUE,TRUE,,https://cdn.shopify.com/s/files/1/0760/5531/files/IVORYADOPT-TS-1000_IMG3_954bf659-279b-4394-9054-4e085eeaa25d.jpg?16078887528086111488,,,,,,,,,,,,,,,,,,,lb
ivory-adopt-womens-crew-t-shirt,,,,,,,,,XL,,,,,IVORYADOPT-TS-1003,227,shopify,27,deny,manual,22,,TRUE,TRUE,,,,,,,,,,,,,,,,,,,,,lb
vintage-cotton-adopt-t-shirt-small-peach,Vintage Cotton Adopt T-shirt - SMALL Peach,<span>This listing is for one peach women's small 'Adopt' t-shirt. It is a vintage-soft basic crew that features a convenient tear-away label for comfort. Made with 100% combed and ring-spun cotton.</span><br><br><span>This is a great t-shirt to promote animal rescue!</span><br><br><span>See shop for other sizes and styles.</span>,The Loving Paw,T-Shirts,T-Shirt,T-Shirt,TRUE,Title,Default Title,,,,,PEACH-ADOPT-TS-1000,227,shopify,2,deny,manual,26,,TRUE,TRUE,,https://cdn.shopify.com/s/files/1/0760/5531/files/PEACH-TS-1000_IMG1_f1b75d05-4465-49b2-8100-1b9a3f285b19.jpg?16078887528086111488,,FALSE,,,,,,,,,,,,,,,,,lb
vintage-cotton-adopt-t-shirt-small-peach,,,,,,,,,,,,,,,,,,,,,,,,,https://cdn.shopify.com/s/files/1/0760/5531/files/PEACH-TS-1000_IMG2_229ef735-6d5d-47e5-bf2d-d8e2bf4ad682.jpg?16078887528086111488,,,,,,,,,,,,,,,,,,,
vintage-cotton-adopt-t-shirt-small-peach,,,,,,,,,,,,,,,,,,,,,,,,,https://cdn.shopify.com/s/files/1/0760/5531/files/PEACH-TS-1000_IMG3_3e55a34a-d455-4e58-84ef-4647d5accee0.jpg?16078887528086111488,,,,,,,,,,,,,,,,,,,
vintage-cotton-adopt-t-shirt-small-peach,,,,,,,,,,,,,,,,,,,,,,,,,https://cdn.shopify.com/s/files/1/0760/5531/files/PEACH-TS-1000_IMG4_f32d2fc5-2ab9-4b15-a679-fdca645335ec.jpg?16078887528086111488,,,,,,,,,,,,,,,,,,,
yellow-gold-adopt-racerback-tank-eco-friendly-jersey-cotton,Yellow Gold 'Adopt' Racerback Tank - Eco-friendly Jersey Cotton,"<span>This listing is for one yellow/gold 'adopt' tank by The Loving Paw. </span><br><br><span>Whether you're working out at the gym or out and about, this sleeveless staple is just the right fit. Made of soft eco-jersey, this racerback tank has a rounded bottom and merrowed hem. Part of the eco-friendly Alternative Earth Collection.</span><br><br><span>This is a great way to promote animal rescue! A portion of proceeds goes to animal rescue organizations around the country. :)</span>",The Loving Paw,T-Shirts,T-Shirt,T-Shirt,TRUE,Size,M - Women,,,,,YG-ADOPT-TNK-1000,227,shopify,20,deny,manual,22,,TRUE,TRUE,,https://cdn.shopify.com/s/files/1/0760/5531/files/YG-ADOPT-TNK-1000_IMG2_3b678f4c-739e-4f0a-8b30-8b4665eaec54.jpg?16078887528086111488,,FALSE,,,,,,,,,,,,,,,,,lb
yellow-gold-adopt-racerback-tank-eco-friendly-jersey-cotton,,,,,,,,,,,,,,,,,,,,,,,,,https://cdn.shopify.com/s/files/1/0760/5531/files/YG-ADOPT-TNK-1000_IMG1_4cde73f4-4506-49c8-bd7f-04e911cfa60f.jpg?16078887528086111488,,,,,,,,,,,,,,,,,,,
yellow-gold-adopt-racerback-tank-eco-friendly-jersey-cotton,,,,,,,,,,,,,,,,,,,,,,,,,https://cdn.shopify.com/s/files/1/0760/5531/files/YG-ADOPT-TNK-1000_IMG3_7e5d4a28-5ddc-4bfa-843c-0fd535243be4.jpg?16078887528086111488,,,,,,,,,,,,,,,,,,,
royal-blue-adopt-racerback-tank-eco-friendly-jersey-cotton,Royal Blue 'Adopt' Racerback Tank - Eco-friendly Jersey Cotton,"<span>This listing is for one 'adopt' tank by The Loving Paw. </span><br><br><span>Whether you're working out at the gym or out and about, this sleeveless staple is just the right fit. Made of soft eco-jersey, this racerback tank has a rounded bottom and merrowed hem. Part of the eco-friendly Alternative Earth Collection.</span><br><br><span>This is a great way to promote animal rescue! A portion of proceeds goes to animal rescue organizations around the country. :)</span>",The Loving Paw,T-Shirts,T-Shirt,T-Shirt,TRUE,Size,S - Women,,,,,RB-ADOPT-TNK-1000,227,shopify,19,deny,manual,22,,TRUE,TRUE,,https://cdn.shopify.com/s/files/1/0760/5531/files/RB-ADOPT-TNK-1000_IMG1_ee570321-ed3a-4641-8f81-2ce0dea31afb.jpg?16078887528086111488,,FALSE,,,,,,,,,,,,,,,,,lb
royal-blue-adopt-racerback-tank-eco-friendly-jersey-cotton,,,,,,,,,M - Women,,,,,RB-ADOPT-TNK-1001,227,shopify,19,deny,manual,22,,TRUE,TRUE,,https://cdn.shopify.com/s/files/1/0760/5531/files/RB-ADOPT-TNK-1000_IMG2_e7010275-e4aa-4719-b923-f80f359b3acb.jpg?16078887528086111488,,,,,,,,,,,,,,,,,,,lb
royal-blue-adopt-racerback-tank-eco-friendly-jersey-cotton,,,,,,,,,L - Women,,,,,RB-ADOPT-TNK-1002,227,shopify,19,deny,manual,22,,TRUE,TRUE,,,,,,,,,,,,,,,,,,,,,lb
royal-blue-adopt-racerback-tank-eco-friendly-jersey-cotton,,,,,,,,,XL - Women,,,,,RB-ADOPT-TNK-1003,227,shopify,19,deny,manual,22,,TRUE,TRUE,,,,,,,,,,,,,,,,,,,,,lb
black-adopt-racerback-xl-tank-eco-friendly-jersey-cotton,Black 'Adopt' Racerback XL Tank - Eco-friendly Jersey Cotton,"<span>This listing is for one XL black 'adopt' tank by The Loving Paw. </span><br><br><span>Whether you're working out at the gym or out and about, this sleeveless staple is just the right fit. Made of soft eco-jersey, this racerback tank has a rounded bottom and merrowed hem. Part of the eco-friendly Alternative Earth Collection.</span><br><br><span>This is a great way to promote animal rescue! A portion of proceeds goes to animal rescue organizations around the country. :)</span>",The Loving Paw,T-Shirts,T-Shirt,T-Shirt,TRUE,Size,XL,,,,,BLK-ADOPT-TNK-1004,227,shopify,16,deny,manual,22,,TRUE,TRUE,,https://cdn.shopify.com/s/files/1/0760/5531/files/BLK-ADOPT-TNK-1000_IMG1_fd4f31ed-1fd2-4e1c-8bf4-ac5af6887e73.jpg?16078887528086111488,,FALSE,,,,,,,,,,,,,,,,,lb
black-adopt-racerback-xl-tank-eco-friendly-jersey-cotton,,,,,,,,,,,,,,,,,,,,,,,,,https://cdn.shopify.com/s/files/1/0760/5531/files/BLK-ADOPT-TNK-1000_IMG2_ef8c65c1-74df-46ce-ab40-e9c201449f65.jpg?16078887528086111488,,,,,,,,,,,,,,,,,,,
royal-blue-mens-t-shirt-animalrescue,Royal Blue Men's T-shirt - #AnimalRescue,<span>This listing is for one Large #AnimalRescue shirts. It is a vintage-soft crew and the color is a great shade of royal blue. It is a fuller fit made with 100% combed and ring-spun cotton. </span><br><br><span>This is a great way to promote animal rescue! A portion of the proceeds help fund animal rescue organizations around the country.</span>,The Loving Paw,T-Shirts,T-Shirt,T-Shirt,TRUE,Size,Small,,,,,ANMLRSCUE-T-1000,227,shopify,0,deny,manual,25,,TRUE,TRUE,,https://cdn.shopify.com/s/files/1/0760/5531/files/ANMLRSCUE-TS-1000_IMG1_1d09ad2b-dd12-4d82-a9cb-f27c092b94d2.jpg?16078887528086111488,,FALSE,,,,,,,,,,,,,,,,,lb
royal-blue-mens-t-shirt-animalrescue,,,,,,,,,Medium,,,,,ANMLRSCUE-T-1001,227,shopify,5,deny,manual,25,,TRUE,TRUE,,https://cdn.shopify.com/s/files/1/0760/5531/files/ANMLRSCUE-TS-1000_IMG2_8a0430f8-f6b0-4877-94d4-c657bbbb23b0.jpg?16078887528086111488,,,,,,,,,,,,,,,,,,,lb
royal-blue-mens-t-shirt-animalrescue,,,,,,,,,Large,,,,,ANMLRSCUE-T-1002,227,shopify,9,deny,manual,25,,TRUE,TRUE,,,,,,,,,,,,,,,,,,,,,lb
royal-blue-mens-t-shirt-animalrescue,,,,,,,,,XL,,,,,ANMLRSCUE-T-1003,227,shopify,9,deny,manual,25,,TRUE,TRUE,,,,,,,,,,,,,,,,,,,,,lb
eco-heather-adopt-v-neck-t-shirt-charcoal-grey-with-white-dog,Eco-Heather 'Adopt' V-neck T-shirt - Charcoal Grey with white dog,"<span>This listing is for one charcoal 'Adopt' t-shirt. Available in sizes: S, M, L, and XL.Â </span><br><br><span>Made of unbelievably soft, sustainable Eco-Heather, this short-sleeve v-neck features a v-neck and blind stitching on sleeves and bottom hem. Part of the Alternative Apparel eco-friendly Alternative Earth Collection. These shirts are unisex sizes. </span><br><br><span>This is a great way to promote animal rescue! A portion of proceeds goes to animal rescue organizations around the country.</span>",The Loving Paw,T-Shirts,T-Shirt,T-Shirt,TRUE,Size,Small,,,,,ECOHEATH-ADOPT-TS-1000,227,shopify,6,deny,manual,28,,TRUE,TRUE,,https://cdn.shopify.com/s/files/1/0760/5531/files/ECOHEATH-ADOPT-TS-1000_IMG1_95d0f140-b049-4caa-8fb6-515f05fb7de4.jpg?16078887528086111488,,FALSE,,,,,,,,,,,,,,,,,lb
eco-heather-adopt-v-neck-t-shirt-charcoal-grey-with-white-dog,,,,,,,,,Medium,,,,,ECOHEATH-ADOPT-TS-1001,227,shopify,13,deny,manual,28,,TRUE,TRUE,,https://cdn.shopify.com/s/files/1/0760/5531/files/ECOHEATH-ADOPT-TS-1000_IMG2_f9367a4f-78cf-4f5d-96c5-953bacff0bbe.jpg?16078887528086111488,,,,,,,,,,,,,,,,,,,lb
eco-heather-adopt-v-neck-t-shirt-charcoal-grey-with-white-dog,,,,,,,,,Large,,,,,ECOHEATH-ADOPT-TS-1002,227,shopify,6,deny,manual,28,,TRUE,TRUE,,https://cdn.shopify.com/s/files/1/0760/5531/files/ECOHEATH-ADOPT-TS-1000_IMG3_6bbab2d0-5d6b-47ee-82f6-d74b0801f77a.jpg?16078887528086111488,,,,,,,,,,,,,,,,,,,lb
eco-heather-adopt-v-neck-t-shirt-charcoal-grey-with-white-dog,,,,,,,,,XL,,,,,ECOHEATH-ADOPT-TS-1003,227,shopify,4,deny,manual,28,,TRUE,TRUE,,https://cdn.shopify.com/s/files/1/0760/5531/files/ECOHEATH-ADOPT-TS-1000_IMG4_e51fe484-acec-4369-890b-52e2be852b30.jpg?16078887528086111488,,,,,,,,,,,,,,,,,,,lb
tag-line-id-tag-rock-star,Tag Line ID Tag - Rock Star,"<span>This listing is for one aluminum pet tag with a tag line. It is 1.25"" and extremely light weight for your pet's comfort. Please choose the design &amp; shape that you like from the menu. If you don't choose one, we will use the design shown in picture 1.</span><br><br><span>If you see another font or shape that you like, we are happy to custom make anything for you. Feel free to use your own creative tag line too!</span><br><br><span>To add a name &amp; phone number to the back of this tag please purchase here:</span><br><a href=""https://www.etsy.com/listing/153459818/add-on-name-phone-number-to-tag-line?ref=shop_home_active"" target=""_blank"">https://www.etsy.com/listing/153459818/add-on-name-phone-number-to-tag-line?ref=shop_home_active</a><br><br><span>Gift wrapping for this item is available here:</span><br><a href=""https://www.etsy.com/listing/153027723/gift-wrapping-add-on?ref=shop_home_active"" target=""_blank"">https://www.etsy.com/listing/153027723/gift-wrapping-add-on?ref=shop_home_active</a>",The Loving Paw,ID Tag,ID Tag,ID Tag,TRUE,Add Custom Stamping (+ $3.00),No Stamping,Add-on a Charm (+ $3.00),No Charm,Add Swarovski Crystal Birthstone Charm (+ $3.00),No Birthstone,ROCKSTAR-TAG-1000,14,shopify,10,deny,manual,8,,TRUE,TRUE,,https://cdn.shopify.com/s/files/1/0760/5531/files/ROCKSTAR-TAG-1000_IMG1_91d5db4e-d197-4cdc-8249-5710891bf681.jpg?16078887528086111488,,FALSE,,,,,,,,,,,,,,,,,oz
tag-line-id-tag-rock-star,,,,,,,,,No Stamping,,No Charm,,Add Birthstone,ROCKSTAR-TAG-1001,14,shopify,10,deny,manual,11,,TRUE,TRUE,,https://cdn.shopify.com/s/files/1/0760/5531/files/ROCKSTAR-TAG-1000_IMG2_7bb95192-f4b7-4eb5-aefe-8292f85c76b4.jpg?16078887528086111488,,,,,,,,,,,,,,,,,,,oz
tag-line-id-tag-rock-star,,,,,,,,,No Stamping,,Add Charm,,No Birthstone,ROCKSTAR-TAG-1002,14,shopify,10,deny,manual,11,,TRUE,TRUE,,https://cdn.shopify.com/s/files/1/0760/5531/files/ROCKSTAR-TAG-1000_IMG3_74a5b2d3-baf2-4b21-a543-c6f0708a2ffd.jpg?16078887528086111488,,,,,,,,,,,,,,,,,,,oz
tag-line-id-tag-rock-star,,,,,,,,,No Stamping,,Add Charm,,Add Birthstone,ROCKSTAR-TAG-1003,14,shopify,8,deny,manual,14,,TRUE,TRUE,,https://cdn.shopify.com/s/files/1/0760/5531/files/ROCKSTAR-TAG-1000_IMG4_46977efb-b173-4f04-a2db-26086cae7d90.jpg?16078887528086111488,,,,,,,,,,,,,,,,,,,oz
tag-line-id-tag-rock-star,,,,,,,,,Add Stamping,,No Charm,,No Birthstone,ROCKSTAR-TAG-1004,14,shopify,10,deny,manual,11,,TRUE,TRUE,,,,,,,,,,,,,,,,,,,,,oz
tag-line-id-tag-rock-star,,,,,,,,,Add Stamping,,No Charm,,Add Birthstone,ROCKSTAR-TAG-1005,14,shopify,10,deny,manual,14,,TRUE,TRUE,,,,,,,,,,,,,,,,,,,,,oz
tag-line-id-tag-rock-star,,,,,,,,,Add Stamping,,Add Charm,,No Birthstone,ROCKSTAR-TAG-1006,14,shopify,10,deny,manual,14,,TRUE,TRUE,,,,,,,,,,,,,,,,,,,,,oz
tag-line-id-tag-rock-star,,,,,,,,,Add Stamping,,Add Charm,,Add Birthstone,ROCKSTAR-TAG-1007,14,shopify,10,deny,manual,17,,TRUE,TRUE,,,,,,,,,,,,,,,,,,,,,oz
tag-line-id-small-tag-princess,Tag Line ID Small Tag - Princess,"<span>This listing is for one lightweight aluminum pet tag that says 'princess'. Please choose the symbol that you'd like from the menu. If you do not choose one, we will use the one shown in picture 1. This tag can be made in XS (3/4"") or Small (1""). </span><br><br><span>Feel free to use your own tag line too!</span><br><br><span>If you see other fonts or shapes that you like, we are happy to work with you.</span><br><br><span>To add a name &amp; phone number to this tag please purchase here:</span><br><a href=""https://www.etsy.com/listing/153459818/add-on-name-phone-number-to-tag-line?ref=shop_home_active"" target=""_blank"">https://www.etsy.com/listing/153459818/add-on-name-phone-number-to-tag-line?ref=shop_home_active</a><br><br><span>Gift wrapping for this item is available here:</span><br><a href=""https://www.etsy.com/listing/153027723/gift-wrapping-add-on?ref=shop_home_active"" target=""_blank"">https://www.etsy.com/listing/153027723/gift-wrapping-add-on?ref=shop_home_active</a>",The Loving Paw,ID Tag,ID Tag,ID Tag,TRUE,Add Custom Stamping (+ $3.00),No Stamping,Add-on a Charm (+ $3.00),No Charm,Add Swarovski Crystal Birthstone Charm (+ $3.00),No Birthstone,PRINCESS-TAG-1000,14,,1,deny,manual,8,,TRUE,TRUE,,https://cdn.shopify.com/s/files/1/0760/5531/files/PRINCESS-TAG-1000_IMG1_df2f74cf-54cc-4b40-a92f-909f531eedff.jpg?16078887528086111488,,FALSE,,,,,,,,,,,,,,,,,oz
tag-line-id-small-tag-princess,,,,,,,,,No Stamping,,No Charm,,Add Birthstone,PRINCESS-TAG-1001,14,,1,deny,manual,11,,TRUE,TRUE,,https://cdn.shopify.com/s/files/1/0760/5531/files/PRINCESS-TAG-1000_IMG2_4b233895-ec17-473f-868f-657ca0b4f7e8.jpg?16078887528086111488,,,,,,,,,,,,,,,,,,,oz
tag-line-id-small-tag-princess,,,,,,,,,No Stamping,,Add Charm,,No Birthstone,PRINCESS-TAG-1002,14,,1,deny,manual,11,,TRUE,TRUE,,,,,,,,,,,,,,,,,,,,,oz
tag-line-id-small-tag-princess,,,,,,,,,No Stamping,,Add Charm,,Add Birthstone,PRINCESS-TAG-1003,14,,1,deny,manual,14,,TRUE,TRUE,,,,,,,,,,,,,,,,,,,,,oz
tag-line-id-small-tag-princess,,,,,,,,,Add Stamping,,No Charm,,No Birthstone,PRINCESS-TAG-1004,14,,1,deny,manual,11,,TRUE,TRUE,,,,,,,,,,,,,,,,,,,,,oz
tag-line-id-small-tag-princess,,,,,,,,,Add Stamping,,No Charm,,Add Birthstone,PRINCESS-TAG-1005,14,,1,deny,manual,14,,TRUE,TRUE,,,,,,,,,,,,,,,,,,,,,oz
tag-line-id-small-tag-princess,,,,,,,,,Add Stamping,,Add Charm,,No Birthstone,PRINCESS-TAG-1006,14,,1,deny,manual,14,,TRUE,TRUE,,,,,,,,,,,,,,,,,,,,,oz
tag-line-id-small-tag-princess,,,,,,,,,Add Stamping,,Add Charm,,Add Birthstone,PRINCESS-TAG-1007,14,,1,deny,manual,17,,TRUE,TRUE,,,,,,,,,,,,,,,,,,,,,oz
tag-line-id-small-tag-namaste,Tag Line ID Small Tag - Namaste,"<span>This listing is for one lightweight aluminum pet tag that says 'namaste'. Please choose the symbol that you'd like from the menu. If you do not choose one, we will use the one shown in picture 1. This tag can be made in XS (3/4"") or Small (1""). </span><br><br><span>Feel free to use your own tag line too!</span><br><br><span>If you see other fonts or shapes that you like, we are happy to work with you.</span><br><br><span>To add a name &amp; phone number to this tag please purchase here:</span><br><a href=""https://www.etsy.com/listing/153459818/add-on-name-phone-number-to-tag-line?ref=shop_home_active"" target=""_blank"">https://www.etsy.com/listing/153459818/add-on-name-phone-number-to-tag-line?ref=shop_home_active</a><br><br><span>Gift wrapping for this item is available here:</span><br><a href=""https://www.etsy.com/listing/153027723/gift-wrapping-add-on?ref=shop_home_active"" target=""_blank"">https://www.etsy.com/listing/153027723/gift-wrapping-add-on?ref=shop_home_active</a>",The Loving Paw,ID Tag,ID Tag,ID Tag,TRUE,Add Custom Stamping (+ $3.00),No Stamping,Add-on a Charm (+ $3.00),No Charm,Add Swarovski Crystal Birthstone Charm (+ $3.00),No Birthstone,NAMASTE-TAG-1000,14,,1,deny,manual,8,,TRUE,TRUE,,https://cdn.shopify.com/s/files/1/0760/5531/files/NAMASTE-TAG-1000_IMG1_5be39174-0f81-49a9-aabc-284c5fc00ed3.jpg?16078887528086111488,,FALSE,,,,,,,,,,,,,,,,,oz
tag-line-id-small-tag-namaste,,,,,,,,,No Stamping,,No Charm,,Add Birthstone,NAMASTE-TAG-1001,14,,1,deny,manual,11,,TRUE,TRUE,,https://cdn.shopify.com/s/files/1/0760/5531/files/NAMASTE-TAG-1000_IMG2_40a05111-abc3-40ae-9ac8-d207f08dbfae.jpg?16078887528086111488,,,,,,,,,,,,,,,,,,,oz
tag-line-id-small-tag-namaste,,,,,,,,,No Stamping,,Add Charm,,No Birthstone,NAMASTE-TAG-1002,14,,1,deny,manual,11,,TRUE,TRUE,,https://cdn.shopify.com/s/files/1/0760/5531/files/NAMASTE-TAG-1000_IMG3_79fd6a3d-2006-4e03-9cf4-b2339f901599.jpg?16078887528086111488,,,,,,,,,,,,,,,,,,,oz
tag-line-id-small-tag-namaste,,,,,,,,,No Stamping,,Add Charm,,Add Birthstone,NAMASTE-TAG-1003,14,,1,deny,manual,14,,TRUE,TRUE,,https://cdn.shopify.com/s/files/1/0760/5531/files/NAMASTE-TAG-1000_IMG4_f3daf54f-bc33-4496-ad52-cf226c355f7f.jpg?16078887528086111488,,,,,,,,,,,,,,,,,,,oz
tag-line-id-small-tag-namaste,,,,,,,,,Add Stamping,,No Charm,,No Birthstone,NAMASTE-TAG-1004,14,,1,deny,manual,11,,TRUE,TRUE,,https://cdn.shopify.com/s/files/1/0760/5531/files/NAMASTE-TAG-1000_IMG5_a1b9742b-c4b4-4ec1-9e27-67ead9c0af9a.jpg?16078887528086111488,,,,,,,,,,,,,,,,,,,oz
tag-line-id-small-tag-namaste,,,,,,,,,Add Stamping,,No Charm,,Add Birthstone,NAMASTE-TAG-1005,14,,1,deny,manual,14,,TRUE,TRUE,,,,,,,,,,,,,,,,,,,,,oz
tag-line-id-small-tag-namaste,,,,,,,,,Add Stamping,,Add Charm,,No Birthstone,NAMASTE-TAG-1006,14,,1,deny,manual,14,,TRUE,TRUE,,,,,,,,,,,,,,,,,,,,,oz
tag-line-id-small-tag-namaste,,,,,,,,,Add Stamping,,Add Charm,,Add Birthstone,NAMASTE-TAG-1007,14,,1,deny,manual,17,,TRUE,TRUE,,,,,,,,,,,,,,,,,,,,,oz
personalized-mustache-pet-id-tag-copper-silver-or-brass,"Personalized Mustache Pet ID Tag - Copper, Silver or Brass","<span>The Loving Paw's most popular item!</span><br><br><span>This listing is for one custom 2 1/4"" mustache pet ID Tag. Please choose from between copper, brass or nickel silver from the menu &amp; remember to include your pet's name &amp; phone number in the notes at checkout! (One name &amp; one phone number max)</span><br><br><span>Silver is SOLD OUT!</span><br><br><span>If there is something that you would like that you don't see, please feel free to message me. I would be happy to work with you to create a custom piece.</span><br><br><span>* A percentage of each order goes to animal rescue organizations *</span><br><br><span>Gift wrapping available for this item here:</span><br><a href=""http://www.etsy.com/listing/153027723/gift-wrapping-add-on?ref=shop_home_active"" target=""_blank"">http://www.etsy.com/listing/153027723/gift-wrapping-add-on?ref=shop_home_active</a>",The Loving Paw,ID Tag,ID Tag,ID Tag,TRUE,Material,Copper,Add-on a Charm (+ $3.00),No Charm,Add Swarovski Crystal Birthstone Charm (+ $3.00),No Birthstone,MUSTACHE-TAG-1000,14,shopify,10,deny,manual,12,,TRUE,TRUE,,https://cdn.shopify.com/s/files/1/0760/5531/files/MUSTACHE-TAG-1000_IMG1_4498e836-e5fd-47f6-9b63-ceb89832a072.jpg?16078887528086111488,,FALSE,,,,,,,,,,,,,,,,,oz
personalized-mustache-pet-id-tag-copper-silver-or-brass,,,,,,,,,Copper,,No Charm,,Add Birthstone,MUSTACHE-TAG-1001,14,shopify,10,deny,manual,15,,TRUE,TRUE,,https://cdn.shopify.com/s/files/1/0760/5531/files/MUSTACHE-TAG-1000_IMG2_238bd1a8-a789-4262-914c-d74514036e9b.jpg?16078887528086111488,,,,,,,,,,,,,,,,,,,oz
personalized-mustache-pet-id-tag-copper-silver-or-brass,,,,,,,,,Copper,,Add Charm,,No Birthstone,MUSTACHE-TAG-1002,14,shopify,10,deny,manual,15,,TRUE,TRUE,,https://cdn.shopify.com/s/files/1/0760/5531/files/MUSTACHE-TAG-1000_IMG3_97a23eae-b694-475a-8e02-3ca081a6d12c.jpg?16078887528086111488,,,,,,,,,,,,,,,,,,,oz
personalized-mustache-pet-id-tag-copper-silver-or-brass,,,,,,,,,Copper,,Add Charm,,Add Birthstone,MUSTACHE-TAG-1003,14,shopify,10,deny,manual,18,,TRUE,TRUE,,https://cdn.shopify.com/s/files/1/0760/5531/files/MUSTACHE-TAG-1000_IMG4_503ff9e5-b846-485e-ba92-b3e96271240e.jpg?16078887528086111488,,,,,,,,,,,,,,,,,,,oz
personalized-mustache-pet-id-tag-copper-silver-or-brass,,,,,,,,,Brass,,No Charm,,No Birthstone,MUSTACHE-TAG-1004,,,,,,12,,,,,https://cdn.shopify.com/s/files/1/0760/5531/files/MUSTACHE-TAG-1000_IMG5_99661b0a-1410-49a6-9e39-6686b9a0577e.jpg?16078887528086111488,,,,,,,,,,,,,,,,,,,oz
personalized-mustache-pet-id-tag-copper-silver-or-brass,,,,,,,,,Brass,,No Charm,,Add Birthstone,MUSTACHE-TAG-1005,,,,,,15,,,,,,,,,,,,,,,,,,,,,,,,oz
personalized-mustache-pet-id-tag-copper-silver-or-brass,,,,,,,,,Brass,,Add Charm,,No Birthstone,MUSTACHE-TAG-1006,,,,,,15,,,,,,,,,,,,,,,,,,,,,,,,oz
personalized-mustache-pet-id-tag-copper-silver-or-brass,,,,,,,,,Brass,,Add Charm,,Add Birthstone,MUSTACHE-TAG-1007,,,,,,18,,,,,,,,,,,,,,,,,,,,,,,,oz
personalized-mustache-pet-id-tag-copper-silver-or-brass,,,,,,,,,Silver,,No Charm,,No Birthstone,MUSTACHE-TAG-1008,,,,,,12,,,,,,,,,,,,,,,,,,,,,,,,oz
personalized-mustache-pet-id-tag-copper-silver-or-brass,,,,,,,,,Silver,,No Charm,,Add Birthstone,MUSTACHE-TAG-1009,,,,,,15,,,,,,,,,,,,,,,,,,,,,,,,oz
personalized-mustache-pet-id-tag-copper-silver-or-brass,,,,,,,,,Silver,,Add Charm,,No Birthstone,MUSTACHE-TAG-1010,,,,,,15,,,,,,,,,,,,,,,,,,,,,,,,oz
personalized-mustache-pet-id-tag-copper-silver-or-brass,,,,,,,,,Silver,,Add Charm,,Add Birthstone,MUSTACHE-TAG-1011,,,,,,18,,,,,,,,,,,,,,,,,,,,,,,,oz
personalized-mustache-pet-id-tag-copper-silver-or-brass,,,,,,,,,Nickel,,No Charm,,No Birthstone,MUSTACHE-TAG-1012,,,,,,12,,,,,,,,,,,,,,,,,,,,,,,,oz
personalized-mustache-pet-id-tag-copper-silver-or-brass,,,,,,,,,Nickel,,No Charm,,Add Birthstone,MUSTACHE-TAG-1013,,,,,,15,,,,,,,,,,,,,,,,,,,,,,,,oz
personalized-mustache-pet-id-tag-copper-silver-or-brass,,,,,,,,,Nickel,,Add Charm,,No Birthstone,MUSTACHE-TAG-1014,,,,,,15,,,,,,,,,,,,,,,,,,,,,,,,oz
personalized-mustache-pet-id-tag-copper-silver-or-brass,,,,,,,,,Nickel,,Add Charm,,Add Birthstone,MUSTACHE-TAG-1015,,,,,,18,,,,,,,,,,,,,,,,,,,,,,,,oz
tag-line-id-tag-keep-calm-call-my-mom-1,Tag Line ID Tag - Keep Calm & Call My Mom,"<span>This listing is for one aluminum pet tag with a tag line. It is 1.25"" and extremely light weight for your pet's comfort. Please choose the design &amp; shape that you like from the menu. If you don't choose one, we will use the design shown in picture 1.</span><br><br><span>If you see another font or shape that you like, we are happy to custom make anything for you. Feel free to use your own creative tag line too!</span><br><br><span>To add a name &amp; phone number to the back of this tag please purchase here:</span><br><a href=""https://www.etsy.com/listing/153459818/add-on-name-phone-number-to-tag-line?ref=shop_home_active"" target=""_blank"">https://www.etsy.com/listing/153459818/add-on-name-phone-number-to-tag-line?ref=shop_home_active</a><br><br><span>Gift wrapping for this item is available here:</span><br><a href=""https://www.etsy.com/listing/153027723/gift-wrapping-add-on?ref=shop_home_active"" target=""_blank"">https://www.etsy.com/listing/153027723/gift-wrapping-add-on?ref=shop_home_active</a>",The Loving Paw,ID Tag,ID Tag,ID Tag,TRUE,Add Custom Stamping (+ $3.00),No Stamping,Add-on a Charm (+ $3.00),No Charm,Add Swarovski Crystal Birthstone Charm (+ $3.00),No Birthstone,KEEPCALM-TAG-1000,14,shopify,10,deny,manual,10,,TRUE,TRUE,,https://cdn.shopify.com/s/files/1/0760/5531/files/KEEPCALM-TAG-1000_IMG1_5b266855-9288-493a-948f-f502ce5af8cf.jpg?16078887528086111488,,FALSE,,,,,,,,,,,,,,,,,oz
tag-line-id-tag-keep-calm-call-my-mom-1,,,,,,,,,No Stamping,,No Charm,,Add Birthstone,KEEPCALM-TAG-1001,14,shopify,10,deny,manual,13,,TRUE,TRUE,,https://cdn.shopify.com/s/files/1/0760/5531/files/KEEPCALM-TAG-1000_IMG2_798e0a22-c21b-4ee3-b9f5-2f663aabb12f.jpg?16078887528086111488,,,,,,,,,,,,,,,,,,,oz
tag-line-id-tag-keep-calm-call-my-mom-1,,,,,,,,,No Stamping,,Add Charm,,No Birthstone,KEEPCALM-TAG-1002,14,shopify,10,deny,manual,13,,TRUE,TRUE,,https://cdn.shopify.com/s/files/1/0760/5531/files/KEEPCALM-TAG-1000_IMG3_8c564c3e-91a5-460c-af34-c480315f349e.jpg?16078887528086111488,,,,,,,,,,,,,,,,,,,oz
tag-line-id-tag-keep-calm-call-my-mom-1,,,,,,,,,No Stamping,,Add Charm,,Add Birthstone,KEEPCALM-TAG-1003,14,shopify,10,deny,manual,16,,TRUE,TRUE,,https://cdn.shopify.com/s/files/1/0760/5531/files/KEEPCALM-TAG-1000_IMG4_3de6c06f-9726-4f8f-9c4d-25b4e99ad2a1.jpg?16078887528086111488,,,,,,,,,,,,,,,,,,,oz
tag-line-id-tag-keep-calm-call-my-mom-1,,,,,,,,,Add Stamping,,No Charm,,No Birthstone,KEEPCALM-TAG-1004,14,shopify,10,deny,manual,13,,TRUE,TRUE,,,,,,,,,,,,,,,,,,,,,oz
tag-line-id-tag-keep-calm-call-my-mom-1,,,,,,,,,Add Stamping,,No Charm,,Add Birthstone,KEEPCALM-TAG-1005,14,shopify,10,deny,manual,16,,TRUE,TRUE,,,,,,,,,,,,,,,,,,,,,oz
tag-line-id-tag-keep-calm-call-my-mom-1,,,,,,,,,Add Stamping,,Add Charm,,No Birthstone,KEEPCALM-TAG-1006,14,shopify,10,deny,manual,16,,TRUE,TRUE,,,,,,,,,,,,,,,,,,,,,oz
tag-line-id-tag-keep-calm-call-my-mom-1,,,,,,,,,Add Stamping,,Add Charm,,Add Birthstone,KEEPCALM-TAG-1007,14,shopify,9,deny,manual,19,,TRUE,TRUE,,,,,,,,,,,,,,,,,,,,,oz
tag-line-id-tag-bitches-love-me,Tag Line ID Tag - Bitches Love Me,"<span>This listing is for one aluminum pet tag with a tag line. It is 1.25"" and extremely light weight for your pet's comfort. Please choose the design &amp; shape that you like from the menu. If you don't choose one, we will use the design shown in picture 1.</span><br><br><span>If you see another font or shape that you like, we are happy to custom make anything for you. Feel free to use your own creative tag line too!</span><br><br><span>To add a name &amp; phone number to the back of this tag please purchase here:</span><br><a href=""https://www.etsy.com/listing/153459818/add-on-name-phone-number-to-tag-line?ref=shop_home_active"" target=""_blank"">https://www.etsy.com/listing/153459818/add-on-name-phone-number-to-tag-line?ref=shop_home_active</a><br><br><span>Gift wrapping for this item is available here:</span><br><a href=""https://www.etsy.com/listing/153027723/gift-wrapping-add-on?ref=shop_home_active"" target=""_blank"">https://www.etsy.com/listing/153027723/gift-wrapping-add-on?ref=shop_home_active</a>",The Loving Paw,ID Tag,ID Tag,ID Tag,TRUE,Add Custom Stamping (+ $3.00),No Stamping,Add-on a Charm (+ $3.00),No Charm,Add Swarovski Crystal Birthstone Charm (+ $3.00),No Birthstone,BITCHESLVME-TAG-1000,14,shopify,10,deny,manual,10,,TRUE,TRUE,,https://cdn.shopify.com/s/files/1/0760/5531/files/BITCHESLVME-TAG-1000_IMG1_f337da96-a35e-45e9-9f0c-5773d71ddf4f.jpg?16078887528086111488,,FALSE,,,,,,,,,,,,,,,,,oz
tag-line-id-tag-bitches-love-me,,,,,,,,,No Stamping,,No Charm,,Add Birthstone,BITCHESLVME-TAG-1001,14,shopify,10,deny,manual,13,,TRUE,TRUE,,https://cdn.shopify.com/s/files/1/0760/5531/files/BITCHESLVME-TAG-1000_IMG2_35c57128-a6d2-453d-a2be-65a5a9cc96ec.jpg?16078887528086111488,,,,,,,,,,,,,,,,,,,oz
tag-line-id-tag-bitches-love-me,,,,,,,,,No Stamping,,Add Charm,,No Birthstone,BITCHESLVME-TAG-1002,14,shopify,10,deny,manual,13,,TRUE,TRUE,,https://cdn.shopify.com/s/files/1/0760/5531/files/BITCHESLVME-TAG-1000_IMG3_99da0a78-01ae-41a2-b74f-f57fefa49e52.jpg?16078887528086111488,,,,,,,,,,,,,,,,,,,oz
tag-line-id-tag-bitches-love-me,,,,,,,,,No Stamping,,Add Charm,,Add Birthstone,BITCHESLVME-TAG-1003,14,shopify,8,deny,manual,16,,TRUE,TRUE,,https://cdn.shopify.com/s/files/1/0760/5531/files/BITCHESLVME-TAG-1000_IMG4_99d73e9c-b937-4514-b48c-3fce6cbb695a.jpg?16078887528086111488,,,,,,,,,,,,,,,,,,,oz
tag-line-id-tag-bitches-love-me,,,,,,,,,Add Stamping,,No Charm,,No Birthstone,BITCHESLVME-TAG-1004,14,shopify,10,deny,manual,13,,TRUE,TRUE,,,,,,,,,,,,,,,,,,,,,oz
tag-line-id-tag-bitches-love-me,,,,,,,,,Add Stamping,,No Charm,,Add Birthstone,BITCHESLVME-TAG-1005,14,shopify,10,deny,manual,16,,TRUE,TRUE,,,,,,,,,,,,,,,,,,,,,oz
tag-line-id-tag-bitches-love-me,,,,,,,,,Add Stamping,,Add Charm,,No Birthstone,BITCHESLVME-TAG-1006,14,shopify,10,deny,manual,16,,TRUE,TRUE,,,,,,,,,,,,,,,,,,,,,oz
tag-line-id-tag-bitches-love-me,,,,,,,,,Add Stamping,,Add Charm,,Add Birthstone,BITCHESLVME-TAG-1007,14,shopify,10,deny,manual,19,,TRUE,TRUE,,,,,,,,,,,,,,,,,,,,,oz
custom-cuff-bangle-bracelet-silver-or-gold-rescue-or-adopt,Custom Cuff Bangle Bracelet - Silver or Gold - Rescue & Adopt,"This listing is for one custom hand stamped bracelet to promote animal rescue! Please choose between gold (brass) or silver (aluminum). Also, include exactly what you&#39;d like the cuff to say in the notes at check out. If not, the design in picture 1 will be used.<br /><br />The most popular choices are:<br />1. Rescue<br />2. Adopt<br /> <br />Bangle is 6&quot; long and 1/4&quot; wide. It can easily be molded for proper fit.<br /><br />TLP (The Loving Paw) is stamped on the inside of the bangle to remind you that a proceed of your purchase went to help animals in need!<br /><br />Gift wrapping for this item is available here:<br /><a href=""http://www.etsy.com/listing/153027723/gift-wrapping-add-on?ref=shop_home_active"" target=""_blank"">http://www.etsy.com/listing/153027723/gift-wrapping-add-on?ref=shop_home_active</a>",The Loving Paw,Bangle,Bangle,Bangle,TRUE,Desired Stamp,Rescue,Add-on a Charm (+ $3.00),No Charm,Add Swarovski Crystal Birthstone Charm (+ $3.00),No Birthstone,RESCUENADOPT-BANGLE-1000,14,shopify,10,deny,manual,12,,TRUE,TRUE,,https://cdn.shopify.com/s/files/1/0760/5531/files/RESCUENADOPT-BANGLE-1000_IMG1_14d865fc-8ca0-4af4-b155-e49800364776.jpg?16078887528086111488,,,,,,,,,,,,,,,,,,,oz
custom-cuff-bangle-bracelet-silver-or-gold-rescue-or-adopt,,,,,,,,,Rescue,,No Charm,,Add Birthstone,RESCUENADOPT-BANGLE-1001,14,shopify,10,deny,manual,15,,TRUE,TRUE,,https://cdn.shopify.com/s/files/1/0760/5531/files/RESCUENADOPT-BANGLE-1000_IMG2_ad848e27-96f2-4cbe-8b93-4b665c8778cc.jpg?16078887528086111488,,,,,,,,,,,,,,,,,,,oz
custom-cuff-bangle-bracelet-silver-or-gold-rescue-or-adopt,,,,,,,,,Rescue,,Add Charm,,No Birthstone,RESCUENADOPT-BANGLE-1002,14,shopify,10,deny,manual,15,,TRUE,TRUE,,https://cdn.shopify.com/s/files/1/0760/5531/files/RESCUENADOPT-BANGLE-1000_IMG3_211ace35-fa23-4a4d-853c-d7e0227be8bc.jpg?16078887528086111488,,,,,,,,,,,,,,,,,,,oz
custom-cuff-bangle-bracelet-silver-or-gold-rescue-or-adopt,,,,,,,,,Rescue,,Add Charm,,Add Birthstone,RESCUENADOPT-BANGLE-1003,14,shopify,10,deny,manual,18,,TRUE,TRUE,,,,,,,,,,,,,,,,,,,,,oz
custom-cuff-bangle-bracelet-silver-or-gold-rescue-or-adopt,,,,,,,,,Adopt,,No Charm,,No Birthstone,RESCUENADOPT-BANGLE-1004,15,shopify,10,deny,manual,12,,TRUE,TRUE,,,,,,,,,,,,,,,,,,,,,oz
custom-cuff-bangle-bracelet-silver-or-gold-rescue-or-adopt,,,,,,,,,Adopt,,No Charm,,Add Birthstone,RESCUENADOPT-BANGLE-1005,16,shopify,10,deny,manual,15,,TRUE,TRUE,,,,,,,,,,,,,,,,,,,,,oz
custom-cuff-bangle-bracelet-silver-or-gold-rescue-or-adopt,,,,,,,,,Adopt,,Add Charm,,No Birthstone,RESCUENADOPT-BANGLE-1006,17,shopify,10,deny,manual,15,,TRUE,TRUE,,,,,,,,,,,,,,,,,,,,,oz
custom-cuff-bangle-bracelet-silver-or-gold-rescue-or-adopt,,,,,,,,,Adopt,,Add Charm,,Add Birthstone,RESCUENADOPT-BANGLE-1007,18,shopify,10,deny,manual,18,,TRUE,TRUE,,,,,,,,,,,,,,,,,,,,,oz
custom-cuff-bangle-bracelet-silver-or-gold-add-your-pet's-name,Custom Cuff Bangle Bracelet - Add Your Pet's name - Silver or Gold,"This listing is for one custom bangle, personalized with your pet&#39;s name. Can include up to 6 pets. It is 6&quot; long and 1/4&quot; wide. It can easily be molded for proper fit. It is available in silver (aluminum) and gold (brass).<br /><br />Please include your pet(s) name(s) and choose the metal that you&#39;d like from the menu. <br /><br />TLP (The Loving Paw) is stamped on the inside of the bangle to remind you that a portion of your purchase went to charity!<br /><br />If there is something that you would like that you don&#39;t see, please feel free to message me. I would be happy to work with you to create a custom piece.<br /><br />Gift wrapping is available for this item here:<br /><a href=""http://www.etsy.com/listing/153027723/gift-wrapping-add-on?ref=shop_home_active"" target=""_blank"">http://www.etsy.com/listing/153027723/gift-wrapping-add-on?ref=shop_home_active</a>     ",The Loving Paw,Bangle,Bangle,Bangle,TRUE,Color,Silver,Add-on a Charm (+ $3.00),No Charm,Add Swarovski Crystal Birthstone Charm (+ $3.00),No Birthstone,PETSNAME-BANGLE-1000,14,shopify,10,deny,manual,14,,TRUE,TRUE,,https://cdn.shopify.com/s/files/1/0760/5531/files/PETSNAME-BANGLE-1000_IMG1_501df027-de73-42b8-bd08-4c2ec093f40c.jpg?16078887528086111488,,,,,,,,,,,,,,,,,,,oz
custom-cuff-bangle-bracelet-silver-or-gold-add-your-pet's-name,,,,,,,,,Silver,,No Charm,,Add Birthstone,PETSNAME-BANGLE-1001,14,shopify,10,deny,manual,17,,TRUE,TRUE,,https://cdn.shopify.com/s/files/1/0760/5531/files/PETSNAME-BANGLE-1000_IMG2_4d649183-89f4-4f6c-93de-fa8ab911df9d.jpg?16078887528086111488,,,,,,,,,,,,,,,,,,,oz
custom-cuff-bangle-bracelet-silver-or-gold-add-your-pet's-name,,,,,,,,,Silver,,Add Charm,,No Birthstone,PETSNAME-BANGLE-1002,15,shopify,11,deny,manual,17,,TRUE,TRUE,,https://cdn.shopify.com/s/files/1/0760/5531/files/PETSNAME-BANGLE-1000_IMG3_b1811cc3-a9e1-4caa-a93c-9a43c5ccf509.jpg?16078887528086111488,,,,,,,,,,,,,,,,,,,oz
custom-cuff-bangle-bracelet-silver-or-gold-add-your-pet's-name,,,,,,,,,Silver,,Add Charm,,Add Birthstone,PETSNAME-BANGLE-1003,16,shopify,12,deny,manual,20,,TRUE,TRUE,,https://cdn.shopify.com/s/files/1/0760/5531/files/PETSNAME-BANGLE-1000_IMG4_1553a114-f3a9-43c6-9b65-ca563d8b35ec.jpg?16078887528086111488,,,,,,,,,,,,,,,,,,,oz
custom-cuff-bangle-bracelet-silver-or-gold-add-your-pet's-name,,,,,,,,,Gold,,No Charm,,No Birthstone,PETSNAME-BANGLE-1004,17,shopify,13,deny,manual,14,,TRUE,TRUE,,https://cdn.shopify.com/s/files/1/0760/5531/files/PETSNAME-BANGLE-1000_IMG5_07d97146-ad52-4d2d-b4e8-c0919632216d.jpg?16078887528086111488,,,,,,,,,,,,,,,,,,,oz
custom-cuff-bangle-bracelet-silver-or-gold-add-your-pet's-name,,,,,,,,,Gold,,No Charm,,Add Birthstone,PETSNAME-BANGLE-1005,18,shopify,14,deny,manual,17,,TRUE,TRUE,,,,,,,,,,,,,,,,,,,,,oz
custom-cuff-bangle-bracelet-silver-or-gold-add-your-pet's-name,,,,,,,,,Gold,,Add Charm,,No Birthstone,PETSNAME-BANGLE-1006,19,shopify,15,deny,manual,17,,TRUE,TRUE,,,,,,,,,,,,,,,,,,,,,oz
custom-cuff-bangle-bracelet-silver-or-gold-add-your-pet's-name,,,,,,,,,Gold,,Add Charm,,Add Birthstone,PETSNAME-BANGLE-1007,20,shopify,16,deny,manual,20,,TRUE,TRUE,,,,,,,,,,,,,,,,,,,,,oz
hand-stamped-I-rescued-them-ID-tag,Hand Stamped I Rescued Them Pet ID Tag,"18G Copper 1&quot; x 1 1/4&quot; doghouse. It can be worn by itself or added to your pet&#39;s current tags. Please specify if you&#39;d like the tag to say:<br /><br />• them<br />• him<br />• her<br />• other (please include)<br /><br />If there is something that you would like that you don&#39;t see, please feel free to message me. I would be happy to work with you to create a custom piece.<br /><br />* A percentage of each order goes to animal rescue organizations *<br /><br />Gift wrapping for this item is available here:<br /><a href=""http://www.etsy.com/listing/153027723/gift-wrapping-add-on?ref=shop_home_active"" target=""_blank"">http://www.etsy.com/listing/153027723/gift-wrapping-add-on?ref=shop_home_active</a> ",The Loving Paw,ID Tag,ID Tag,ID Tag,TRUE,Desired Stamp,"""i  rescued them""",Add-on a Charm (+ $3.00),No Charm,Add Swarovski Crystal Birthstone Charm (+ $3.00),No Birthstone,IRESCUEDTHEM-TAG-1000,14,shopify,10,deny,manual,12,,TRUE,TRUE,,https://cdn.shopify.com/s/files/1/0760/5531/files/IRESCUEDTHEM-TAG-1000_IMG1_05a1931b-6ddb-49ab-b2de-2f3291f80de1.jpg?16078887528086111488,,,,,,,,,,,,,,,,,,,oz
hand-stamped-I-rescued-them-ID-tag,,,,,,,,,"""i  rescued them""",,No Charm,,Add Birthstone,IRESCUEDTHEM-TAG-1001,14,shopify,10,deny,manual,15,,TRUE,TRUE,,https://cdn.shopify.com/s/files/1/0760/5531/files/IRESCUEDTHEM-TAG-1000_IMG2_5b2fd468-85d9-4279-b55a-600af09edf1e.jpg?16078887528086111488,,,,,,,,,,,,,,,,,,,oz
hand-stamped-I-rescued-them-ID-tag,,,,,,,,,"""i  rescued them""",,Add Charm,,No Birthstone,IRESCUEDTHEM-TAG-1002,14,shopify,10,deny,manual,15,,TRUE,TRUE,,https://cdn.shopify.com/s/files/1/0760/5531/files/IRESCUEDTHEM-TAG-1000_IMG3_c11e7117-4491-411f-bb2d-b51d8210f906.jpg?16078887528086111488,,,,,,,,,,,,,,,,,,,oz
hand-stamped-I-rescued-them-ID-tag,,,,,,,,,"""i  rescued them""",,Add Charm,,Add Birthstone,IRESCUEDTHEM-TAG-1003,14,shopify,10,deny,manual,18,,TRUE,TRUE,,https://cdn.shopify.com/s/files/1/0760/5531/files/IRESCUEDTHEM-TAG-1000_IMG4_015954a2-a332-4fca-a197-1bfe73f1b07d.jpg?16078887528086111488,,,,,,,,,,,,,,,,,,,oz
hand-stamped-I-rescued-them-ID-tag,,,,,,,,,"""i  rescued him""",,No Charm,,No Birthstone,IRESCUEDTHEM-TAG-1004,14,shopify,10,deny,manual,12,,TRUE,TRUE,,https://cdn.shopify.com/s/files/1/0760/5531/files/IRESCUEDTHEM-TAG-1000_IMG5_57497cd7-62ce-4602-9393-9734a98c91b6.jpg?16078887528086111488,,,,,,,,,,,,,,,,,,,oz
hand-stamped-I-rescued-them-ID-tag,,,,,,,,,"""i  rescued him""",,No Charm,,Add Birthstone,IRESCUEDTHEM-TAG-1005,14,shopify,10,deny,manual,15,,TRUE,TRUE,,,,,,,,,,,,,,,,,,,,,oz
hand-stamped-I-rescued-them-ID-tag,,,,,,,,,"""i  rescued him""",,Add Charm,,No Birthstone,IRESCUEDTHEM-TAG-1006,14,shopify,10,deny,manual,15,,TRUE,TRUE,,,,,,,,,,,,,,,,,,,,,oz
hand-stamped-I-rescued-them-ID-tag,,,,,,,,,"""i  rescued him""",,Add Charm,,Add Birthstone,IRESCUEDTHEM-TAG-1007,14,shopify,10,deny,manual,18,,TRUE,TRUE,,,,,,,,,,,,,,,,,,,,,oz
hand-stamped-I-rescued-them-ID-tag,,,,,,,,,"""i  rescued her""",,No Charm,,No Birthstone,IRESCUEDTHEM-TAG-1008,14,shopify,10,deny,manual,12,,TRUE,TRUE,,,,,,,,,,,,,,,,,,,,,oz
hand-stamped-I-rescued-them-ID-tag,,,,,,,,,"""i  rescued her""",,No Charm,,Add Birthstone,IRESCUEDTHEM-TAG-1009,14,shopify,10,deny,manual,15,,TRUE,TRUE,,,,,,,,,,,,,,,,,,,,,oz
hand-stamped-I-rescued-them-ID-tag,,,,,,,,,"""i  rescued her""",,Add Charm,,No Birthstone,IRESCUEDTHEM-TAG-1010,14,shopify,10,deny,manual,15,,TRUE,TRUE,,,,,,,,,,,,,,,,,,,,,oz
hand-stamped-I-rescued-them-ID-tag,,,,,,,,,"""i  rescued her""",,Add Charm,,Add Birthstone,IRESCUEDTHEM-TAG-1011,14,shopify,10,deny,manual,18,,TRUE,TRUE,,,,,,,,,,,,,,,,,,,,,oz
add-on-charm,Add-On Charm,This listing is for one charm to be added to your order with The Loving Paw. Make your pet feel special by adding a special piece to their tag!<br /><br />Please choose the charm that you&#39;d like from the drop-down menu.<br /><br />This item can only be added with the purchase of a tag or bracelet.,The Loving Paw,Charm,Charm,Charm,TRUE,Select a Charm,Baseball,,,,,ADD-ON-CHARM-1000,14,shopify,10,deny,manual,3,,TRUE,TRUE,,https://cdn.shopify.com/s/files/1/0760/5531/files/ADD-ON-CHARM-1000_IMG1_07e5885a-8983-4d50-8890-c6c11f9f7b63.jpg?16078887528086111488,,,,,,,,,,,,,,,,,,,oz
add-on-charm,,,,,,,,,Baseball Hat,,,,,ADD-ON-CHARM-1001,14,shopify,10,deny,manual,3,,TRUE,TRUE,,https://cdn.shopify.com/s/files/1/0760/5531/files/ADD-ON-CHARM-1000_IMG2_7ccf4534-fbcd-47f9-81a6-7c66c945705e.jpg?16078887528086111488,,,,,,,,,,,,,,,,,,,oz
add-on-charm,,,,,,,,,Top Dog Bone,,,,,ADD-ON-CHARM-1002,14,shopify,10,deny,manual,3,,TRUE,TRUE,,https://cdn.shopify.com/s/files/1/0760/5531/files/ADD-ON-CHARM-1000_IMG3_4cce6260-8705-4796-91ac-e15cc56e5fef.jpg?16078887528086111488,,,,,,,,,,,,,,,,,,,oz
add-on-charm,,,,,,,,,Silver Dog Bone,,,,,ADD-ON-CHARM-1003,14,shopify,10,deny,manual,3,,TRUE,TRUE,,https://cdn.shopify.com/s/files/1/0760/5531/files/ADD-ON-CHARM-1000_IMG4_bd9438fc-59cf-45e5-8456-7c44fc0fb850.jpg?16078887528086111488,,,,,,,,,,,,,,,,,,,oz
add-on-charm,,,,,,,,,Fish Bone,,,,,ADD-ON-CHARM-1004,14,shopify,10,deny,manual,3,,TRUE,TRUE,,,,,,,,,,,,,,,,,,,,,oz
swarovski-crystal-birthstone-add-on-charm,Swarovski Crystal Birthstone Add-On Charm,This listing is for one birthstone charm to be added to your order with The Loving Paw. Make your pet feel special by adding their special crystal to their tag!<br /><br />Please choose the month&#39;s color that you&#39;d like from the drop-down menu.<br /><br />This item can only be added with the purchase of a tag or bracelet.,The Loving Paw,Charm,Charm,Charm,TRUE,Select Birthstone Charm,January - Garnet,,,,,BIRTHSTONE-CHARM-1000,14,shopify,10,deny,manual,3,,TRUE,TRUE,,https://cdn.shopify.com/s/files/1/0760/5531/files/BIRTHSTONE-CHARM-1000_IMG1_429b5bc6-13be-4282-9813-0e35fe0ae551.jpg?16078887528086111488,,,,,,,,,,,,,,,,,,,oz
swarovski-crystal-birthstone-add-on-charm,,,,,,,,,February - Amethyst,,,,,BIRTHSTONE-CHARM-1001,14,shopify,10,deny,manual,3,,TRUE,TRUE,,https://cdn.shopify.com/s/files/1/0760/5531/files/BIRTHSTONE-CHARM-1000_IMG2_60d292db-b7bd-4c7a-9f75-6c52088f7c95.jpg?16078887528086111488,,,,,,,,,,,,,,,,,,,oz
swarovski-crystal-birthstone-add-on-charm,,,,,,,,,March - Aquamarine,,,,,BIRTHSTONE-CHARM-1002,14,shopify,10,deny,manual,3,,TRUE,TRUE,,https://cdn.shopify.com/s/files/1/0760/5531/files/BIRTHSTONE-CHARM-1000_IMG3_5d41a901-de79-45c6-bb4a-18244999d907.jpg?16078887528086111488,,,,,,,,,,,,,,,,,,,oz
swarovski-crystal-birthstone-add-on-charm,,,,,,,,,April - Crystal,,,,,BIRTHSTONE-CHARM-1003,14,shopify,10,deny,manual,3,,TRUE,TRUE,,https://cdn.shopify.com/s/files/1/0760/5531/files/BIRTHSTONE-CHARM-1000_IMG4_2fd1bef9-e001-4b9b-8110-b9a73173c8e7.jpg?16078887528086111488,,,,,,,,,,,,,,,,,,,oz
swarovski-crystal-birthstone-add-on-charm,,,,,,,,,May - Emerald,,,,,BIRTHSTONE-CHARM-1004,14,shopify,10,deny,manual,3,,TRUE,TRUE,,https://cdn.shopify.com/s/files/1/0760/5531/files/BIRTHSTONE-CHARM-1000_IMG5_3b38fafa-3359-417f-8fbf-c98200ada78d.jpg?16078887528086111488,,,,,,,,,,,,,,,,,,,oz
swarovski-crystal-birthstone-add-on-charm,,,,,,,,,June - Pearl,,,,,BIRTHSTONE-CHARM-1005,14,shopify,10,deny,manual,3,,TRUE,TRUE,,,,,,,,,,,,,,,,,,,,,oz
swarovski-crystal-birthstone-add-on-charm,,,,,,,,,July - Ruby,,,,,BIRTHSTONE-CHARM-1006,14,shopify,10,deny,manual,3,,TRUE,TRUE,,,,,,,,,,,,,,,,,,,,,oz
swarovski-crystal-birthstone-add-on-charm,,,,,,,,,August - Peridot,,,,,BIRTHSTONE-CHARM-1007,14,shopify,10,deny,manual,3,,TRUE,TRUE,,,,,,,,,,,,,,,,,,,,,oz
swarovski-crystal-birthstone-add-on-charm,,,,,,,,,September - Sapphire,,,,,BIRTHSTONE-CHARM-1008,14,shopify,10,deny,manual,3,,TRUE,TRUE,,,,,,,,,,,,,,,,,,,,,oz
swarovski-crystal-birthstone-add-on-charm,,,,,,,,,October - Opal,,,,,BIRTHSTONE-CHARM-1009,14,shopify,10,deny,manual,3,,TRUE,TRUE,,,,,,,,,,,,,,,,,,,,,oz
swarovski-crystal-birthstone-add-on-charm,,,,,,,,,November - Topaz,,,,,BIRTHSTONE-CHARM-1010,14,shopify,10,deny,manual,3,,TRUE,TRUE,,,,,,,,,,,,,,,,,,,,,oz
swarovski-crystal-birthstone-add-on-charm,,,,,,,,,December - Turquoise,,,,,BIRTHSTONE-CHARM-1011,14,shopify,10,deny,manual,3,,TRUE,TRUE,,,,,,,,,,,,,,,,,,,,,oz
custom-hand-stamped-copper-pet-ID-tag-doghouse,Custom Hand Stamped Copper Pet ID Tag - Doghouse,"This listing is for one personalized pet id tag. It is made of copper &amp; is lightweight for your pet&#39;s comfort. This doghouse tag is a unique style and one of our best sellers!<br /><br />In your order, please include:<br /><br />1. Your pet&#39;s name<br />2. A telephone number <br /><br />If there is something that you would like that you don&#39;t see, please feel free to message me. I would be happy to work with you to create a custom piece.<br /><br />* A percentage of each order goes to animal rescue organizations *<br /><br />Gift wrapping is available for this item here:<br /><a href=""http://www.etsy.com/listing/153027723/gift-wrapping-add-on?ref=shop_home_active"" target=""_blank"">http://www.etsy.com/listing/153027723/gift-wrapping-add-on?ref=shop_home_active</a>  ",The Loving Paw,ID Tag,ID Tag,ID Tag,TRUE,Add-on a Charm (+ $3.00),No Charm,Add Swarovski Crystal Birthstone Charm (+ $3.00),No Birthstone,,,COPPERDOGHOUSE-TAG-1000,14,shopify,10,deny,manual,12,,TRUE,TRUE,,https://cdn.shopify.com/s/files/1/0760/5531/files/COPPERDOGHOUSE-TAG-1000_IMG1_b8f8558f-483a-45bd-9c22-35548555bf6d.jpg?16078887528086111488,,,,,,,,,,,,,,,,,,,oz
custom-hand-stamped-copper-pet-ID-tag-doghouse,,,,,,,,,No Charm,,Add Birthstone,,,COPPERDOGHOUSE-TAG-1001,14,shopify,10,deny,manual,15,,TRUE,TRUE,,https://cdn.shopify.com/s/files/1/0760/5531/files/COPPERDOGHOUSE-TAG-1000_IMG2_f024019d-20b5-4b64-b07e-931d2c6df1f7.jpg?16078887528086111488,,,,,,,,,,,,,,,,,,,oz
custom-hand-stamped-copper-pet-ID-tag-doghouse,,,,,,,,,Add Charm,,No Birthstone,,,COPPERDOGHOUSE-TAG-1002,14,shopify,10,deny,manual,15,,TRUE,TRUE,,,,,,,,,,,,,,,,,,,,,oz
custom-hand-stamped-copper-pet-ID-tag-doghouse,,,,,,,,,Add Charm,,Add Birthstone,,,COPPERDOGHOUSE-TAG-1003,14,shopify,10,deny,manual,18,,TRUE,TRUE,,,,,,,,,,,,,,,,,,,,,oz
cotton-canvas-adopt-navy-duffle-bag,Cotton Canvas 'Adopt' Navy Duffle Bag,"This listing is for one navy &#39;Adopt&#39; duffle bag. Live large and pack light with this canvas duffel bag. Features an adjustable shoulder strap, plus one internal pocket and one outer pocket.<br /><br />100% Cotton Canvas<br />21\&quot; length x 6.5\&quot; width x 13.5\&quot; height<br />Unisex design<br /><br />This is a great way to promote animal rescue. A portion of proceeds goes to animal rescue organizations around the country. :)  ",The Loving Paw,Duffle Bag,Duffle Bag,Duffle Bag,TRUE,,,,,,,NAVYADOPT-DUFFLE-1000,226.8,shopify,3,deny,manual,38,,TRUE,TRUE,,https://cdn.shopify.com/s/files/1/0760/5531/files/NAVYADOPT-DUFFLE-1000_IMG1_3500dc46-299f-40e1-862b-d90c9118ed48.jpg?16078887528086111488,,,,,,,,,,,,,,,,,,,lb
cotton-canvas-adopt-navy-duffle-bag,,,,,,,,,,,,,,,,,,,,,,,,,https://cdn.shopify.com/s/files/1/0760/5531/files/NAVYADOPT-DUFFLE-1000_IMG2_187dba5e-dbaa-4c01-bb89-5c362d5ec4d1.jpg?16078887528086111488,,,,,,,,,,,,,,,,,,,
cotton-canvas-adopt-navy-duffle-bag,,,,,,,,,,,,,,,,,,,,,,,,,https://cdn.shopify.com/s/files/1/0760/5531/files/NAVYADOPT-DUFFLE-1000_IMG3_c2cc4f98-d838-4d69-8390-459196d98fab.jpg?16078887528086111488,,,,,,,,,,,,,,,,,,,
cotton-canvas-adopt-navy-duffle-bag,,,,,,,,,,,,,,,,,,,,,,,,,https://cdn.shopify.com/s/files/1/0760/5531/files/NAVYADOPT-DUFFLE-1000_IMG4_a1cd9be4-2de5-4879-b65b-941b63c33529.jpg?16078887528086111488,,,,,,,,,,,,,,,,,,,
cotton-canvas-adopt-navy-duffle-bag,,,,,,,,,,,,,,,,,,,,,,,,,https://cdn.shopify.com/s/files/1/0760/5531/files/NAVYADOPT-DUFFLE-1000_IMG5_47dc01db-8a23-49dd-9f2f-eacca53b7fde.jpg?16078887528086111488,,,,,,,,,,,,,,,,,,,
cotton-canvas-adopt-red-duffle-bag,Cotton Canvas 'Adopt' Red Duffle Bag,"This listing is for one red &#39;Adopt&#39; duffle bag. Live large and pack light with this canvas duffel bag. Features an adjustable shoulder strap, plus one internal pocket and one outer pocket.<br /><br />100% Cotton Canvas<br />21\&quot; length x 6.5\&quot; width x 13.5\&quot; height<br />Unisex design<br /><br />This is a great way to promote animal rescue. A portion of proceeds goes to animal rescue organizations around the country. :)",The Loving Paw,Duffle Bag,Duffle Bag,Duffle Bag,TRUE,,,,,,,REDADOPT-DUFFLE-1000,226.8,shopify,3,deny,manual,38,,TRUE,TRUE,,https://cdn.shopify.com/s/files/1/0760/5531/files/REDADOPT-DUFFLE-1000_IMG1_19595479-1abd-4497-929d-fb620d480684.jpg?16078887528086111488,,,,,,,,,,,,,,,,,,,lb
cotton-canvas-adopt-red-duffle-bag,,,,,,,,,,,,,,,,,,,,,,,,,https://cdn.shopify.com/s/files/1/0760/5531/files/REDADOPT-DUFFLE-1000_IMG2_3c8438b4-07f2-4e92-9842-179d4f00c247.jpg?16078887528086111488,,,,,,,,,,,,,,,,,,,
cotton-canvas-adopt-red-duffle-bag,,,,,,,,,,,,,,,,,,,,,,,,,https://cdn.shopify.com/s/files/1/0760/5531/files/REDADOPT-DUFFLE-1000_IMG3_ac31cb86-905b-46aa-bbfc-b1ac16550373.jpg?16078887528086111488,,,,,,,,,,,,,,,,,,,
cotton-canvas-adopt-red-duffle-bag,,,,,,,,,,,,,,,,,,,,,,,,,https://cdn.shopify.com/s/files/1/0760/5531/files/REDADOPT-DUFFLE-1000_IMG4_cbbf87a0-f805-4953-ad6b-28b9d4dbe17e.jpg?16078887528086111488,,,,,,,,,,,,,,,,,,,
cotton-canvas-adopt-red-duffle-bag,,,,,,,,,,,,,,,,,,,,,,,,,https://cdn.shopify.com/s/files/1/0760/5531/files/REDADOPT-DUFFLE-1000_IMG5_c2709158-6823-457a-8604-baa1c90d19c7.jpg?16078887528086111488,,,,,,,,,,,,,,,,,,,
hand-stamped-wedding-pet-tag-my-dad's-the-groom,Hand Stamped Wedding Pet Tag - My dad's the groom,"18G, 1 inch, round<br /><br />This is perfect for your pet to wear during your wedding! It is a special day for them too! It can be worn by itself or added to your pet&#39;s current tags. <br /><br />If there is something that you would like that you don&#39;t see, please feel free to message me. I would be happy to work with you to create a custom piece.<br /><br />* A percentage of each order goes to animal rescue organizations *<br /><br />Gift wrapping for this item is available here:<br /><a href=""http://www.etsy.com/listing/153027723/gift-wrapping-add-on?ref=shop_home_active"" target=""_blank"">http://www.etsy.com/listing/153027723/gift-wrapping-add-on?ref=shop_home_active</a>  ",The Loving Paw,ID Tag,ID Tag,ID Tag,TRUE,Add-on a Charm (+ $3.00),No,Add Swarovski Crystal Birthstone Charm (+ $3.00),No,,,DADSTHEGROOM-TAG-1000,14,shopify,3,deny,manual,10,,TRUE,TRUE,,https://cdn.shopify.com/s/files/1/0760/5531/files/DADSTHEGROOM-TAG-1000_IMG1_cb236d9c-7260-4538-a74b-608206a7cb14.jpg?16078887528086111488,,,,,,,,,,,,,,,,,,,oz
hand-stamped-wedding-pet-tag-my-dad's-the-groom,,,,,,,,,No,,Add Birthstone,,,,,,,,,13,,,,,https://cdn.shopify.com/s/files/1/0760/5531/files/DADSTHEGROOM-TAG-1000_IMG2_519c3069-1788-4f74-959f-c83eef4027f8.jpg?16078887528086111488,,,,,,,,,,,,,,,,,,,oz
hand-stamped-wedding-pet-tag-my-dad's-the-groom,,,,,,,,,Add Charm,,No,,,,,,,,,13,,,,,https://cdn.shopify.com/s/files/1/0760/5531/files/DADSTHEGROOM-TAG-1000_IMG3_cb7b8377-8cd1-4170-9284-e748dcbe1a6e.jpg?16078887528086111488,,,,,,,,,,,,,,,,,,,oz
hand-stamped-wedding-pet-tag-my-dad's-the-groom,,,,,,,,,Add Charm,,Add Birthstone,,,,,,,,,16,,,,,https://cdn.shopify.com/s/files/1/0760/5531/files/DADSTHEGROOM-TAG-1000_IMG4_e72003a0-0602-4133-be11-2991aed3adf2.jpg?16078887528086111488,,,,,,,,,,,,,,,,,,,oz
hand-stamped-wedding-pet-tag-my-dad's-the-groom,,,,,,,,,,,,,,,,,,,,,,,,,https://cdn.shopify.com/s/files/1/0760/5531/files/DADSTHEGROOM-TAG-1000_IMG5_ecfc3f1d-cd09-45b1-9003-b83199e3e162.jpg?16078887528086111488,,,,,,,,,,,,,,,,,,,
hand-stamped-wedding-pet-tag-my-mom's-the-bride,Hand Stamped Wedding Pet Tag - My mom's the bride,"18G, 1 inch, heart aluminum <br /><br />This is perfect for your pet to wear during your wedding! It is a special day for them too! It can be worn by itself or added to your pet&#39;s current tags. <br /><br />If there is something that you would like that you don&#39;t see, please feel free to message me. I would be happy to work with you to create a custom piece.<br /><br />* A percentage of each order goes to animal rescue organizations *<br /><br />Gift wrapping for this item is available here:<br /><a href=""http://www.etsy.com/listing/153027723/gift-wrapping-add-on?ref=shop_home_active"" target=""_blank"">http://www.etsy.com/listing/153027723/gift-wrapping-add-on?ref=shop_home_active</a>   ",The Loving Paw,ID Tag,ID Tag,ID Tag,TRUE,,,,,,,MOMSTHEBRIDE-TAG-1000,14,shopify,1,deny,manual,12,,TRUE,TRUE,,https://cdn.shopify.com/s/files/1/0760/5531/files/MOMSTHEBRIDE-TAG-1000_IMG1_280ed961-cd6d-457a-8614-2040975138c8.jpg?16078887528086111488,,,,,,,,,,,,,,,,,,,oz
hand-stamped-wedding-pet-tag-my-mom's-the-bride,,,,,,,,,,,,,,,,,,,,,,,,,https://cdn.shopify.com/s/files/1/0760/5531/files/MOMSTHEBRIDE-TAG-1000_IMG2_f2efb7dd-86b8-449a-808a-fce7422f67f4.jpg?16078887528086111488,,,,,,,,,,,,,,,,,,,
hand-stamped-wedding-pet-tag-my-mom's-the-bride,,,,,,,,,,,,,,,,,,,,,,,,,https://cdn.shopify.com/s/files/1/0760/5531/files/MOMSTHEBRIDE-TAG-1000_IMG3_7432a9fb-e1f0-4879-a575-389377e6b240.jpg?16078887528086111488,,,,,,,,,,,,,,,,,,,
hand-stamped-wedding-pet-tag-my-mom's-the-bride,,,,,,,,,,,,,,,,,,,,,,,,,https://cdn.shopify.com/s/files/1/0760/5531/files/MOMSTHEBRIDE-TAG-1000_IMG4_96150375-007e-4f38-9c2a-98be91f7cf37.jpg?16078887528086111488,,,,,,,,,,,,,,,,,,,
hand-stamped-wedding-pet-tag-my-mom's-the-bride,,,,,,,,,,,,,,,,,,,,,,,,,https://cdn.shopify.com/s/files/1/0760/5531/files/MOMSTHEBRIDE-TAG-1000_IMG5_03f983c6-acb1-420f-bb7f-5502ff8b3e87.jpg?16078887528086111488,,,,,,,,,,,,,,,,,,,
custom-hand-stamped-baseball-lovers-pet-ID-tag,Custom Hand Stamped Baseball Lovers Pet ID Tag,"Designed especially for baseball lovers!<br /><br />This listing is for one 1 1/4&quot; baseball inspired pet ID tag. It is made with lightweight aluminum for your pet&#39;s comfort. Please choose which charm you&#39;d like from the menu. <br /><br />In your order, please include:<br />1. Your pet&#39;s name<br />2. A telephone number <br /><br />If there is something that you would like that you don&#39;t see, please feel free to message me. I would be happy to work with you to create a custom piece.<br /><br />* A percentage of each order goes to animal rescue organizations *<br /><br />Gift wrapping available for this item here:<br /><a href=""http://www.etsy.com/listing/153027723/gift-wrapping-add-on?ref=shop_home_active"" target=""_blank"">http://www.etsy.com/listing/153027723/gift-wrapping-add-on?ref=shop_home_active</a><br /><br />If you&#39;d like to add a birthstone to your pet&#39;s tag, Swarovski charms are available here:<br /><a href=""https://www.etsy.com/listing/153028533/swarovski-crystal-birthstone-add-on?ref=shop_home_active"" target=""_blank"">https://www.etsy.com/listing/153028533/swarovski-crystal-birthstone-add-on?ref=shop_home_active</a>    ",The Loving Paw,ID Tag,ID Tag,ID Tag,TRUE,Select Charm,Baseball,Add-on a Charm (+ $3.00),No,Add Swarovski Crystal Birthstone Charm (+ $3.00),No,BASEBALLLVR-TAG-1000,14,shopify,10,deny,manual,12,,TRUE,TRUE,,https://cdn.shopify.com/s/files/1/0760/5531/files/BASEBALLLVR-TAG-1000_IMG1_858efd75-c166-4f73-a48a-f7cb8ffe6622.jpg?16078887528086111488,,,,,,,,,,,,,,,,,,,oz
custom-hand-stamped-baseball-lovers-pet-ID-tag,,,,,,,,,Baseball,,No,,Add Birthstone,BASEBALLLVR-TAG-1001,14,shopify,10,deny,manual,15,,TRUE,TRUE,,https://cdn.shopify.com/s/files/1/0760/5531/files/BASEBALLLVR-TAG-1000_IMG2_8d4ca1e9-0e13-4322-ab8a-f1b30862e505.jpg?16078887528086111488,,,,,,,,,,,,,,,,,,,oz
custom-hand-stamped-baseball-lovers-pet-ID-tag,,,,,,,,,Baseball,,Add Charm,,No,BASEBALLLVR-TAG-1002,14,shopify,11,deny,manual,15,,TRUE,TRUE,,https://cdn.shopify.com/s/files/1/0760/5531/files/BASEBALLLVR-TAG-1000_IMG3_a393f353-aa15-41e1-a2b1-cc232a5b3eb0.jpg?16078887528086111488,,,,,,,,,,,,,,,,,,,oz
custom-hand-stamped-baseball-lovers-pet-ID-tag,,,,,,,,,Baseball,,Add Charm,,Add Birthstone,BASEBALLLVR-TAG-1003,14,shopify,12,deny,manual,18,,TRUE,TRUE,,https://cdn.shopify.com/s/files/1/0760/5531/files/BASEBALLLVR-TAG-1000_IMG4_2f35c4a3-2334-4161-a9fc-f3eb955d31ce.jpg?16078887528086111488,,,,,,,,,,,,,,,,,,,oz
custom-hand-stamped-baseball-lovers-pet-ID-tag,,,,,,,,,Baseball Hat,,No,,No,BASEBALLLVR-TAG-1004,14,shopify,13,deny,manual,12,,TRUE,TRUE,,https://cdn.shopify.com/s/files/1/0760/5531/files/BASEBALLLVR-TAG-1000_IMG5_267cc599-0bc4-4171-bf7d-7ee3968267d8.jpg?16078887528086111488,,,,,,,,,,,,,,,,,,,oz
custom-hand-stamped-baseball-lovers-pet-ID-tag,,,,,,,,,Baseball Hat,,No,,Add Birthstone,BASEBALLLVR-TAG-1005,14,shopify,14,deny,manual,15,,TRUE,TRUE,,,,,,,,,,,,,,,,,,,,,oz
custom-hand-stamped-baseball-lovers-pet-ID-tag,,,,,,,,,Baseball Hat,,Add Charm,,No,BASEBALLLVR-TAG-1006,14,shopify,15,deny,manual,15,,TRUE,TRUE,,,,,,,,,,,,,,,,,,,,,oz
custom-hand-stamped-baseball-lovers-pet-ID-tag,,,,,,,,,Baseball Hat,,Add Charm,,Add Birthstone,BASEBALLLVR-TAG-1007,14,shopify,16,deny,manual,18,,TRUE,TRUE,,,,,,,,,,,,,,,,,,,,,oz
tag-line-ID-tag-ring-bearer,Tag Line ID Tag - Ring Bearer,"This listing is for one aluminum pet tag with a tag line. It is 1.25&quot; and extremely light weight for your pet&#39;s comfort. Please chose the design &amp; shape that you like from the menu. If you don&#39;t choose one, we will use the design shown in picture 1.<br /><br />If you see another font or shape that you like, we are happy to custom make anything for you. Feel free to use your own creative tag line too!<br /><br />Other wedding tags are available here:<br /><a href=""https://www.etsy.com/your/shops/TheLovingPaw/sections/12559112"" target=""_blank"">https://www.etsy.com/your/shops/TheLovingPaw/sections/12559112</a><br /><br />To add a name &amp; phone number to the back of this tag please purchase here:<br /><a href=""https://www.etsy.com/listing/153459818/add-on-name-phone-number-to-tag-line?ref=shop_home_active"" target=""_blank"">https://www.etsy.com/listing/153459818/add-on-name-phone-number-to-tag-line?ref=shop_home_active</a><br /><br />Gift wrapping for this item is available here:<br /><a href=""https://www.etsy.com/listing/153027723/gift-wrapping-add-on?ref=shop_home_active"" target=""_blank"">https://www.etsy.com/listing/153027723/gift-wrapping-add-on?ref=shop_home_active</a>",The Loving Paw,ID Tag,ID Tag,ID Tag,TRUE,Add Custom Stamping (+ $3.00),No,Add-on a Charm (+ $3.00),No,Add Swarovski Crystal Birthstone Charm (+ $3.00),No,RINGBEARER-TAG-1000,14,shopify,8,deny,manual,8,,TRUE,TRUE,,https://cdn.shopify.com/s/files/1/0760/5531/files/RINGBEARER-TAG-1000_IMG1_e03b78b2-6c7f-4f8b-a26c-0426452c6089.jpg?16078887528086111488,,,,,,,,,,,,,,,,,,,oz
tag-line-ID-tag-ring-bearer,,,,,,,,,No,,No,,Add Birthstone,RINGBEARER-TAG-1001,14,shopify,8,deny,manual,11,,TRUE,TRUE,,https://cdn.shopify.com/s/files/1/0760/5531/files/RINGBEARER-TAG-1000_IMG2_d3c2ea1a-4374-4fe4-95ff-6fbd37e8f542.jpg?16078887528086111488,,,,,,,,,,,,,,,,,,,oz
tag-line-ID-tag-ring-bearer,,,,,,,,,No,,Add Charm,,No,RINGBEARER-TAG-1002,14,shopify,8,deny,manual,11,,TRUE,TRUE,,https://cdn.shopify.com/s/files/1/0760/5531/files/RINGBEARER-TAG-1000_IMG3_42998bfa-1feb-45ef-91c1-91970b443bca.jpg?16078887528086111488,,,,,,,,,,,,,,,,,,,oz
tag-line-ID-tag-ring-bearer,,,,,,,,,No,,Add Charm,,Add Birthstone,RINGBEARER-TAG-1003,14,shopify,8,deny,manual,14,,TRUE,TRUE,,https://cdn.shopify.com/s/files/1/0760/5531/files/RINGBEARER-TAG-1000_IMG4_a3adafe3-e1a3-4cb5-8133-776b4653f88e.jpg?16078887528086111488,,,,,,,,,,,,,,,,,,,oz
tag-line-ID-tag-ring-bearer,,,,,,,,,Add Stamping,,No,,No,RINGBEARER-TAG-1004,14,shopify,8,deny,manual,8,,TRUE,TRUE,,,,,,,,,,,,,,,,,,,,,oz
tag-line-ID-tag-ring-bearer,,,,,,,,,Add Stamping,,No,,Add Birthstone,RINGBEARER-TAG-1005,14,shopify,8,deny,manual,11,,TRUE,TRUE,,,,,,,,,,,,,,,,,,,,,oz
tag-line-ID-tag-ring-bearer,,,,,,,,,Add Stamping,,Add Charm,,No,RINGBEARER-TAG-1006,14,shopify,8,deny,manual,11,,TRUE,TRUE,,,,,,,,,,,,,,,,,,,,,oz
tag-line-ID-tag-ring-bearer,,,,,,,,,Add Stamping,,Add Charm,,Add Birthstone,RINGBEARER-TAG-1007,14,shopify,8,deny,manual,14,,TRUE,TRUE,,,,,,,,,,,,,,,,,,,,,oz
